Team,W,L,W/L%,season,Abbreviation
Miami Heat,52,30,0.634,2000,MIA
New York Knicks,50,32,0.61,2000,NYK
Philadelphia 76ers,49,33,0.598,2000,PHI
Orlando Magic,41,41,0.5,2000,ORL
Boston Celtics,35,47,0.427,2000,BOS
New Jersey Nets,31,51,0.378,2000,NJN
Washington Wizards,29,53,0.354,2000,WAS
Indiana Pacers,56,26,0.683,2000,IND
Charlotte Hornets,49,33,0.598,2000,CHA
Toronto Raptors,45,37,0.549,2000,TOR
Detroit Pistons,42,40,0.512,2000,DET
Milwaukee Bucks,42,40,0.512,2000,MIL
Cleveland Cavaliers,32,50,0.39,2000,CLE
Atlanta Hawks,28,54,0.341,2000,ATL
Chicago Bulls,17,65,0.207,2000,CHI
Utah Jazz,55,27,0.671,2000,UTA
San Antonio Spurs,53,29,0.646,2000,SAS
Minnesota Timberwolves,50,32,0.61,2000,MIN
Dallas Mavericks,40,42,0.488,2000,DAL
Denver Nuggets,35,47,0.427,2000,DEN
Houston Rockets,34,48,0.415,2000,HOU
Vancouver Grizzlies,22,60,0.268,2000,VAN
Los Angeles Lakers,67,15,0.817,2000,LAL
Portland Trail Blazers,59,23,0.72,2000,POR
Phoenix Suns,53,29,0.646,2000,PHX
Seattle SuperSonics,45,37,0.549,2000,SEA
Sacramento Kings,44,38,0.537,2000,SAC
Golden State Warriors,19,63,0.232,2000,GSW
Los Angeles Clippers,15,67,0.183,2000,LAC
Philadelphia 76ers,56,26,0.683,2001,PHI
Miami Heat,50,32,0.61,2001,MIA
New York Knicks,48,34,0.585,2001,NYK
Orlando Magic,43,39,0.524,2001,ORL
Boston Celtics,36,46,0.439,2001,BOS
New Jersey Nets,26,56,0.317,2001,NJN
Washington Wizards,19,63,0.232,2001,WAS
Milwaukee Bucks,52,30,0.634,2001,MIL
Toronto Raptors,47,35,0.573,2001,TOR
Charlotte Hornets,46,36,0.561,2001,CHA
Indiana Pacers,41,41,0.5,2001,IND
Detroit Pistons,32,50,0.39,2001,DET
Cleveland Cavaliers,30,52,0.366,2001,CLE
Atlanta Hawks,25,57,0.305,2001,ATL
Chicago Bulls,15,67,0.183,2001,CHI
San Antonio Spurs,58,24,0.707,2001,SAS
Utah Jazz,53,29,0.646,2001,UTA
Dallas Mavericks,53,29,0.646,2001,DAL
Minnesota Timberwolves,47,35,0.573,2001,MIN
Houston Rockets,45,37,0.549,2001,HOU
Denver Nuggets,40,42,0.488,2001,DEN
Vancouver Grizzlies,23,59,0.28,2001,VAN
Los Angeles Lakers,56,26,0.683,2001,LAL
Sacramento Kings,55,27,0.671,2001,SAC
Phoenix Suns,51,31,0.622,2001,PHX
Portland Trail Blazers,50,32,0.61,2001,POR
Seattle SuperSonics,44,38,0.537,2001,SEA
Los Angeles Clippers,31,51,0.378,2001,LAC
Golden State Warriors,17,65,0.207,2001,GSW
New Jersey Nets,52,30,0.634,2002,NJN
Boston Celtics,49,33,0.598,2002,BOS
Orlando Magic,44,38,0.537,2002,ORL
Philadelphia 76ers,43,39,0.524,2002,PHI
Washington Wizards,37,45,0.451,2002,WAS
Miami Heat,36,46,0.439,2002,MIA
New York Knicks,30,52,0.366,2002,NYK
Detroit Pistons,50,32,0.61,2002,DET
Charlotte Hornets,44,38,0.537,2002,CHA
Toronto Raptors,42,40,0.512,2002,TOR
Indiana Pacers,42,40,0.512,2002,IND
Milwaukee Bucks,41,41,0.5,2002,MIL
Atlanta Hawks,33,49,0.402,2002,ATL
Cleveland Cavaliers,29,53,0.354,2002,CLE
Chicago Bulls,21,61,0.256,2002,CHI
San Antonio Spurs,58,24,0.707,2002,SAS
Dallas Mavericks,57,25,0.695,2002,DAL
Minnesota Timberwolves,50,32,0.61,2002,MIN
Utah Jazz,44,38,0.537,2002,UTA
Houston Rockets,28,54,0.341,2002,HOU
Denver Nuggets,27,55,0.329,2002,DEN
Memphis Grizzlies,23,59,0.28,2002,MEM
Sacramento Kings,61,21,0.744,2002,SAC
Los Angeles Lakers,58,24,0.707,2002,LAL
Portland Trail Blazers,49,33,0.598,2002,POR
Seattle SuperSonics,45,37,0.549,2002,SEA
Los Angeles Clippers,39,43,0.476,2002,LAC
Phoenix Suns,36,46,0.439,2002,PHX
Golden State Warriors,21,61,0.256,2002,GSW
New Jersey Nets,49,33,0.598,2003,NJN
Philadelphia 76ers,48,34,0.585,2003,PHI
Boston Celtics,44,38,0.537,2003,BOS
Orlando Magic,42,40,0.512,2003,ORL
Washington Wizards,37,45,0.451,2003,WAS
New York Knicks,37,45,0.451,2003,NYK
Miami Heat,25,57,0.305,2003,MIA
Detroit Pistons,50,32,0.61,2003,DET
Indiana Pacers,48,34,0.585,2003,IND
New Orleans Hornets,47,35,0.573,2003,NOH
Milwaukee Bucks,42,40,0.512,2003,MIL
Atlanta Hawks,35,47,0.427,2003,ATL
Chicago Bulls,30,52,0.366,2003,CHI
Toronto Raptors,24,58,0.293,2003,TOR
Cleveland Cavaliers,17,65,0.207,2003,CLE
San Antonio Spurs,60,22,0.732,2003,SAS
Dallas Mavericks,60,22,0.732,2003,DAL
Minnesota Timberwolves,51,31,0.622,2003,MIN
Utah Jazz,47,35,0.573,2003,UTA
Houston Rockets,43,39,0.524,2003,HOU
Memphis Grizzlies,28,54,0.341,2003,MEM
Denver Nuggets,17,65,0.207,2003,DEN
Sacramento Kings,59,23,0.72,2003,SAC
Los Angeles Lakers,50,32,0.61,2003,LAL
Portland Trail Blazers,50,32,0.61,2003,POR
Phoenix Suns,44,38,0.537,2003,PHX
Seattle SuperSonics,40,42,0.488,2003,SEA
Golden State Warriors,38,44,0.463,2003,GSW
Los Angeles Clippers,27,55,0.329,2003,LAC
New Jersey Nets,47,35,0.573,2004,NJN
Miami Heat,42,40,0.512,2004,MIA
New York Knicks,39,43,0.476,2004,NYK
Boston Celtics,36,46,0.439,2004,BOS
Philadelphia 76ers,33,49,0.402,2004,PHI
Washington Wizards,25,57,0.305,2004,WAS
Orlando Magic,21,61,0.256,2004,ORL
Indiana Pacers,61,21,0.744,2004,IND
Detroit Pistons,54,28,0.659,2004,DET
New Orleans Hornets,41,41,0.5,2004,NOH
Milwaukee Bucks,41,41,0.5,2004,MIL
Cleveland Cavaliers,35,47,0.427,2004,CLE
Toronto Raptors,33,49,0.402,2004,TOR
Atlanta Hawks,28,54,0.341,2004,ATL
Chicago Bulls,23,59,0.28,2004,CHI
Minnesota Timberwolves,58,24,0.707,2004,MIN
San Antonio Spurs,57,25,0.695,2004,SAS
Dallas Mavericks,52,30,0.634,2004,DAL
Memphis Grizzlies,50,32,0.61,2004,MEM
Houston Rockets,45,37,0.549,2004,HOU
Denver Nuggets,43,39,0.524,2004,DEN
Utah Jazz,42,40,0.512,2004,UTA
Los Angeles Lakers,56,26,0.683,2004,LAL
Sacramento Kings,55,27,0.671,2004,SAC
Portland Trail Blazers,41,41,0.5,2004,POR
Golden State Warriors,37,45,0.451,2004,GSW
Seattle SuperSonics,37,45,0.451,2004,SEA
Phoenix Suns,29,53,0.354,2004,PHX
Los Angeles Clippers,28,54,0.341,2004,LAC
Boston Celtics,45,37,0.549,2005,BOS
Philadelphia 76ers,43,39,0.524,2005,PHI
New Jersey Nets,42,40,0.512,2005,NJN
Toronto Raptors,33,49,0.402,2005,TOR
New York Knicks,33,49,0.402,2005,NYK
Detroit Pistons,54,28,0.659,2005,DET
Chicago Bulls,47,35,0.573,2005,CHI
Indiana Pacers,44,38,0.537,2005,IND
Cleveland Cavaliers,42,40,0.512,2005,CLE
Milwaukee Bucks,30,52,0.366,2005,MIL
Miami Heat,59,23,0.72,2005,MIA
Washington Wizards,45,37,0.549,2005,WAS
Orlando Magic,36,46,0.439,2005,ORL
Charlotte Bobcats,18,64,0.22,2005,CHA
Atlanta Hawks,13,69,0.159,2005,ATL
Seattle SuperSonics,52,30,0.634,2005,SEA
Denver Nuggets,49,33,0.598,2005,DEN
Minnesota Timberwolves,44,38,0.537,2005,MIN
Portland Trail Blazers,27,55,0.329,2005,POR
Utah Jazz,26,56,0.317,2005,UTA
Phoenix Suns,62,20,0.756,2005,PHX
Sacramento Kings,50,32,0.61,2005,SAC
Los Angeles Clippers,37,45,0.451,2005,LAC
Los Angeles Lakers,34,48,0.415,2005,LAL
Golden State Warriors,34,48,0.415,2005,GSW
San Antonio Spurs,59,23,0.72,2005,SAS
Dallas Mavericks,58,24,0.707,2005,DAL
Houston Rockets,51,31,0.622,2005,HOU
Memphis Grizzlies,45,37,0.549,2005,MEM
New Orleans Hornets,18,64,0.22,2005,NOH
New Jersey Nets,49,33,0.598,2006,NJN
Philadelphia 76ers,38,44,0.463,2006,PHI
Boston Celtics,33,49,0.402,2006,BOS
Toronto Raptors,27,55,0.329,2006,TOR
New York Knicks,23,59,0.28,2006,NYK
Detroit Pistons,64,18,0.78,2006,DET
Cleveland Cavaliers,50,32,0.61,2006,CLE
Indiana Pacers,41,41,0.5,2006,IND
Chicago Bulls,41,41,0.5,2006,CHI
Milwaukee Bucks,40,42,0.488,2006,MIL
Miami Heat,52,30,0.634,2006,MIA
Washington Wizards,42,40,0.512,2006,WAS
Orlando Magic,36,46,0.439,2006,ORL
Charlotte Bobcats,26,56,0.317,2006,CHA
Atlanta Hawks,26,56,0.317,2006,ATL
Denver Nuggets,44,38,0.537,2006,DEN
Utah Jazz,41,41,0.5,2006,UTA
Seattle SuperSonics,35,47,0.427,2006,SEA
Minnesota Timberwolves,33,49,0.402,2006,MIN
Portland Trail Blazers,21,61,0.256,2006,POR
Phoenix Suns,54,28,0.659,2006,PHX
Los Angeles Clippers,47,35,0.573,2006,LAC
Los Angeles Lakers,45,37,0.549,2006,LAL
Sacramento Kings,44,38,0.537,2006,SAC
Golden State Warriors,34,48,0.415,2006,GSW
San Antonio Spurs,63,19,0.768,2006,SAS
Dallas Mavericks,60,22,0.732,2006,DAL
Memphis Grizzlies,49,33,0.598,2006,MEM
New Orleans/Oklahoma City Hornets,38,44,0.463,2006,
Houston Rockets,34,48,0.415,2006,HOU
Toronto Raptors,47,35,0.573,2007,TOR
New Jersey Nets,41,41,0.5,2007,NJN
Philadelphia 76ers,35,47,0.427,2007,PHI
New York Knicks,33,49,0.402,2007,NYK
Boston Celtics,24,58,0.293,2007,BOS
Detroit Pistons,53,29,0.646,2007,DET
Cleveland Cavaliers,50,32,0.61,2007,CLE
Chicago Bulls,49,33,0.598,2007,CHI
Indiana Pacers,35,47,0.427,2007,IND
Milwaukee Bucks,28,54,0.341,2007,MIL
Miami Heat,44,38,0.537,2007,MIA
Washington Wizards,41,41,0.5,2007,WAS
Orlando Magic,40,42,0.488,2007,ORL
Charlotte Bobcats,33,49,0.402,2007,CHA
Atlanta Hawks,30,52,0.366,2007,ATL
Utah Jazz,51,31,0.622,2007,UTA
Denver Nuggets,45,37,0.549,2007,DEN
Portland Trail Blazers,32,50,0.39,2007,POR
Minnesota Timberwolves,32,50,0.39,2007,MIN
Seattle SuperSonics,31,51,0.378,2007,SEA
Phoenix Suns,61,21,0.744,2007,PHX
Los Angeles Lakers,42,40,0.512,2007,LAL
Golden State Warriors,42,40,0.512,2007,GSW
Los Angeles Clippers,40,42,0.488,2007,LAC
Sacramento Kings,33,49,0.402,2007,SAC
Dallas Mavericks,67,15,0.817,2007,DAL
San Antonio Spurs,58,24,0.707,2007,SAS
Houston Rockets,52,30,0.634,2007,HOU
New Orleans/Oklahoma City Hornets,39,43,0.476,2007,
Memphis Grizzlies,22,60,0.268,2007,MEM
Boston Celtics,66,16,0.805,2008,BOS
Toronto Raptors,41,41,0.5,2008,TOR
Philadelphia 76ers,40,42,0.488,2008,PHI
New Jersey Nets,34,48,0.415,2008,NJN
New York Knicks,23,59,0.28,2008,NYK
Detroit Pistons,59,23,0.72,2008,DET
Cleveland Cavaliers,45,37,0.549,2008,CLE
Indiana Pacers,36,46,0.439,2008,IND
Chicago Bulls,33,49,0.402,2008,CHI
Milwaukee Bucks,26,56,0.317,2008,MIL
Orlando Magic,52,30,0.634,2008,ORL
Washington Wizards,43,39,0.524,2008,WAS
Atlanta Hawks,37,45,0.451,2008,ATL
Charlotte Bobcats,32,50,0.39,2008,CHA
Miami Heat,15,67,0.183,2008,MIA
Utah Jazz,54,28,0.659,2008,UTA
Denver Nuggets,50,32,0.61,2008,DEN
Portland Trail Blazers,41,41,0.5,2008,POR
Minnesota Timberwolves,22,60,0.268,2008,MIN
Seattle SuperSonics,20,62,0.244,2008,SEA
Los Angeles Lakers,57,25,0.695,2008,LAL
Phoenix Suns,55,27,0.671,2008,PHX
Golden State Warriors,48,34,0.585,2008,GSW
Sacramento Kings,38,44,0.463,2008,SAC
Los Angeles Clippers,23,59,0.28,2008,LAC
New Orleans Hornets,56,26,0.683,2008,NOH
San Antonio Spurs,56,26,0.683,2008,SAS
Houston Rockets,55,27,0.671,2008,HOU
Dallas Mavericks,51,31,0.622,2008,DAL
Memphis Grizzlies,22,60,0.268,2008,MEM
Boston Celtics,62,20,0.756,2009,BOS
Philadelphia 76ers,41,41,0.5,2009,PHI
New Jersey Nets,34,48,0.415,2009,NJN
Toronto Raptors,33,49,0.402,2009,TOR
New York Knicks,32,50,0.39,2009,NYK
Cleveland Cavaliers,66,16,0.805,2009,CLE
Chicago Bulls,41,41,0.5,2009,CHI
Detroit Pistons,39,43,0.476,2009,DET
Indiana Pacers,36,46,0.439,2009,IND
Milwaukee Bucks,34,48,0.415,2009,MIL
Orlando Magic,59,23,0.72,2009,ORL
Atlanta Hawks,47,35,0.573,2009,ATL
Miami Heat,43,39,0.524,2009,MIA
Charlotte Bobcats,35,47,0.427,2009,CHA
Washington Wizards,19,63,0.232,2009,WAS
Denver Nuggets,54,28,0.659,2009,DEN
Portland Trail Blazers,54,28,0.659,2009,POR
Utah Jazz,48,34,0.585,2009,UTA
Minnesota Timberwolves,24,58,0.293,2009,MIN
Oklahoma City Thunder,23,59,0.28,2009,OKC
Los Angeles Lakers,65,17,0.793,2009,LAL
Phoenix Suns,46,36,0.561,2009,PHX
Golden State Warriors,29,53,0.354,2009,GSW
Los Angeles Clippers,19,63,0.232,2009,LAC
Sacramento Kings,17,65,0.207,2009,SAC
San Antonio Spurs,54,28,0.659,2009,SAS
Houston Rockets,53,29,0.646,2009,HOU
Dallas Mavericks,50,32,0.61,2009,DAL
New Orleans Hornets,49,33,0.598,2009,NOH
Memphis Grizzlies,24,58,0.293,2009,MEM
Boston Celtics,50,32,0.61,2010,BOS
Toronto Raptors,40,42,0.488,2010,TOR
New York Knicks,29,53,0.354,2010,NYK
Philadelphia 76ers,27,55,0.329,2010,PHI
New Jersey Nets,12,70,0.146,2010,NJN
Cleveland Cavaliers,61,21,0.744,2010,CLE
Milwaukee Bucks,46,36,0.561,2010,MIL
Chicago Bulls,41,41,0.5,2010,CHI
Indiana Pacers,32,50,0.39,2010,IND
Detroit Pistons,27,55,0.329,2010,DET
Orlando Magic,59,23,0.72,2010,ORL
Atlanta Hawks,53,29,0.646,2010,ATL
Miami Heat,47,35,0.573,2010,MIA
Charlotte Bobcats,44,38,0.537,2010,CHA
Washington Wizards,26,56,0.317,2010,WAS
Denver Nuggets,53,29,0.646,2010,DEN
Utah Jazz,53,29,0.646,2010,UTA
Portland Trail Blazers,50,32,0.61,2010,POR
Oklahoma City Thunder,50,32,0.61,2010,OKC
Minnesota Timberwolves,15,67,0.183,2010,MIN
Los Angeles Lakers,57,25,0.695,2010,LAL
Phoenix Suns,54,28,0.659,2010,PHX
Los Angeles Clippers,29,53,0.354,2010,LAC
Golden State Warriors,26,56,0.317,2010,GSW
Sacramento Kings,25,57,0.305,2010,SAC
Dallas Mavericks,55,27,0.671,2010,DAL
San Antonio Spurs,50,32,0.61,2010,SAS
Houston Rockets,42,40,0.512,2010,HOU
Memphis Grizzlies,40,42,0.488,2010,MEM
New Orleans Hornets,37,45,0.451,2010,NOH
Boston Celtics,56,26,0.683,2011,BOS
New York Knicks,42,40,0.512,2011,NYK
Philadelphia 76ers,41,41,0.5,2011,PHI
New Jersey Nets,24,58,0.293,2011,NJN
Toronto Raptors,22,60,0.268,2011,TOR
Chicago Bulls,62,20,0.756,2011,CHI
Indiana Pacers,37,45,0.451,2011,IND
Milwaukee Bucks,35,47,0.427,2011,MIL
Detroit Pistons,30,52,0.366,2011,DET
Cleveland Cavaliers,19,63,0.232,2011,CLE
Miami Heat,58,24,0.707,2011,MIA
Orlando Magic,52,30,0.634,2011,ORL
Atlanta Hawks,44,38,0.537,2011,ATL
Charlotte Bobcats,34,48,0.415,2011,CHA
Washington Wizards,23,59,0.28,2011,WAS
Oklahoma City Thunder,55,27,0.671,2011,OKC
Denver Nuggets,50,32,0.61,2011,DEN
Portland Trail Blazers,48,34,0.585,2011,POR
Utah Jazz,39,43,0.476,2011,UTA
Minnesota Timberwolves,17,65,0.207,2011,MIN
Los Angeles Lakers,57,25,0.695,2011,LAL
Phoenix Suns,40,42,0.488,2011,PHX
Golden State Warriors,36,46,0.439,2011,GSW
Los Angeles Clippers,32,50,0.39,2011,LAC
Sacramento Kings,24,58,0.293,2011,SAC
San Antonio Spurs,61,21,0.744,2011,SAS
Dallas Mavericks,57,25,0.695,2011,DAL
New Orleans Hornets,46,36,0.561,2011,NOH
Memphis Grizzlies,46,36,0.561,2011,MEM
Houston Rockets,43,39,0.524,2011,HOU
Boston Celtics,39,27,0.591,2012,BOS
New York Knicks,36,30,0.545,2012,NYK
Philadelphia 76ers,35,31,0.53,2012,PHI
Toronto Raptors,23,43,0.348,2012,TOR
New Jersey Nets,22,44,0.333,2012,NJN
Chicago Bulls,50,16,0.758,2012,CHI
Indiana Pacers,42,24,0.636,2012,IND
Milwaukee Bucks,31,35,0.47,2012,MIL
Detroit Pistons,25,41,0.379,2012,DET
Cleveland Cavaliers,21,45,0.318,2012,CLE
Miami Heat,46,20,0.697,2012,MIA
Atlanta Hawks,40,26,0.606,2012,ATL
Orlando Magic,37,29,0.561,2012,ORL
Washington Wizards,20,46,0.303,2012,WAS
Charlotte Bobcats,7,59,0.106,2012,CHA
Oklahoma City Thunder,47,19,0.712,2012,OKC
Denver Nuggets,38,28,0.576,2012,DEN
Utah Jazz,36,30,0.545,2012,UTA
Portland Trail Blazers,28,38,0.424,2012,POR
Minnesota Timberwolves,26,40,0.394,2012,MIN
Los Angeles Lakers,41,25,0.621,2012,LAL
Los Angeles Clippers,40,26,0.606,2012,LAC
Phoenix Suns,33,33,0.5,2012,PHX
Golden State Warriors,23,43,0.348,2012,GSW
Sacramento Kings,22,44,0.333,2012,SAC
San Antonio Spurs,50,16,0.758,2012,SAS
Memphis Grizzlies,41,25,0.621,2012,MEM
Dallas Mavericks,36,30,0.545,2012,DAL
Houston Rockets,34,32,0.515,2012,HOU
New Orleans Hornets,21,45,0.318,2012,NOH
New York Knicks,54,28,0.659,2013,NYK
Brooklyn Nets,49,33,0.598,2013,BKN
Boston Celtics,41,40,0.506,2013,BOS
Philadelphia 76ers,34,48,0.415,2013,PHI
Toronto Raptors,34,48,0.415,2013,TOR
Indiana Pacers,49,32,0.605,2013,IND
Chicago Bulls,45,37,0.549,2013,CHI
Milwaukee Bucks,38,44,0.463,2013,MIL
Detroit Pistons,29,53,0.354,2013,DET
Cleveland Cavaliers,24,58,0.293,2013,CLE
Miami Heat,66,16,0.805,2013,MIA
Atlanta Hawks,44,38,0.537,2013,ATL
Washington Wizards,29,53,0.354,2013,WAS
Charlotte Bobcats,21,61,0.256,2013,CHA
Orlando Magic,20,62,0.244,2013,ORL
Oklahoma City Thunder,60,22,0.732,2013,OKC
Denver Nuggets,57,25,0.695,2013,DEN
Utah Jazz,43,39,0.524,2013,UTA
Portland Trail Blazers,33,49,0.402,2013,POR
Minnesota Timberwolves,31,51,0.378,2013,MIN
Los Angeles Clippers,56,26,0.683,2013,LAC
Golden State Warriors,47,35,0.573,2013,GSW
Los Angeles Lakers,45,37,0.549,2013,LAL
Sacramento Kings,28,54,0.341,2013,SAC
Phoenix Suns,25,57,0.305,2013,PHX
San Antonio Spurs,58,24,0.707,2013,SAS
Memphis Grizzlies,56,26,0.683,2013,MEM
Houston Rockets,45,37,0.549,2013,HOU
Dallas Mavericks,41,41,0.5,2013,DAL
New Orleans Hornets,27,55,0.329,2013,NOH
Toronto Raptors,48,34,0.585,2014,TOR
Brooklyn Nets,44,38,0.537,2014,BKN
New York Knicks,37,45,0.451,2014,NYK
Boston Celtics,25,57,0.305,2014,BOS
Philadelphia 76ers,19,63,0.232,2014,PHI
Indiana Pacers,56,26,0.683,2014,IND
Chicago Bulls,48,34,0.585,2014,CHI
Cleveland Cavaliers,33,49,0.402,2014,CLE
Detroit Pistons,29,53,0.354,2014,DET
Milwaukee Bucks,15,67,0.183,2014,MIL
Miami Heat,54,28,0.659,2014,MIA
Washington Wizards,44,38,0.537,2014,WAS
Charlotte Bobcats,43,39,0.524,2014,CHA
Atlanta Hawks,38,44,0.463,2014,ATL
Orlando Magic,23,59,0.28,2014,ORL
Oklahoma City Thunder,59,23,0.72,2014,OKC
Portland Trail Blazers,54,28,0.659,2014,POR
Minnesota Timberwolves,40,42,0.488,2014,MIN
Denver Nuggets,36,46,0.439,2014,DEN
Utah Jazz,25,57,0.305,2014,UTA
Los Angeles Clippers,57,25,0.695,2014,LAC
Golden State Warriors,51,31,0.622,2014,GSW
Phoenix Suns,48,34,0.585,2014,PHX
Sacramento Kings,28,54,0.341,2014,SAC
Los Angeles Lakers,27,55,0.329,2014,LAL
San Antonio Spurs,62,20,0.756,2014,SAS
Houston Rockets,54,28,0.659,2014,HOU
Memphis Grizzlies,50,32,0.61,2014,MEM
Dallas Mavericks,49,33,0.598,2014,DAL
New Orleans Pelicans,34,48,0.415,2014,NOP
Toronto Raptors,49,33,0.598,2015,TOR
Boston Celtics,40,42,0.488,2015,BOS
Brooklyn Nets,38,44,0.463,2015,BKN
Philadelphia 76ers,18,64,0.22,2015,PHI
New York Knicks,17,65,0.207,2015,NYK
Cleveland Cavaliers,53,29,0.646,2015,CLE
Chicago Bulls,50,32,0.61,2015,CHI
Milwaukee Bucks,41,41,0.5,2015,MIL
Indiana Pacers,38,44,0.463,2015,IND
Detroit Pistons,32,50,0.39,2015,DET
Atlanta Hawks,60,22,0.732,2015,ATL
Washington Wizards,46,36,0.561,2015,WAS
Miami Heat,37,45,0.451,2015,MIA
Charlotte Hornets,33,49,0.402,2015,CHA
Orlando Magic,25,57,0.305,2015,ORL
Portland Trail Blazers,51,31,0.622,2015,POR
Oklahoma City Thunder,45,37,0.549,2015,OKC
Utah Jazz,38,44,0.463,2015,UTA
Denver Nuggets,30,52,0.366,2015,DEN
Minnesota Timberwolves,16,66,0.195,2015,MIN
Golden State Warriors,67,15,0.817,2015,GSW
Los Angeles Clippers,56,26,0.683,2015,LAC
Phoenix Suns,39,43,0.476,2015,PHX
Sacramento Kings,29,53,0.354,2015,SAC
Los Angeles Lakers,21,61,0.256,2015,LAL
Houston Rockets,56,26,0.683,2015,HOU
Memphis Grizzlies,55,27,0.671,2015,MEM
San Antonio Spurs,55,27,0.671,2015,SAS
Dallas Mavericks,50,32,0.61,2015,DAL
New Orleans Pelicans,45,37,0.549,2015,NOP
Cleveland Cavaliers,57,25,0.695,2016,CLE
Toronto Raptors,56,26,0.683,2016,TOR
Miami Heat,48,34,0.585,2016,MIA
Atlanta Hawks,48,34,0.585,2016,ATL
Boston Celtics,48,34,0.585,2016,BOS
Charlotte Hornets,48,34,0.585,2016,CHA
Indiana Pacers,45,37,0.549,2016,IND
Detroit Pistons,44,38,0.537,2016,DET
Chicago Bulls,42,40,0.512,2016,CHI
Washington Wizards,41,41,0.5,2016,WAS
Orlando Magic,35,47,0.427,2016,ORL
Milwaukee Bucks,33,49,0.402,2016,MIL
New York Knicks,32,50,0.39,2016,NYK
Brooklyn Nets,21,61,0.256,2016,BKN
Philadelphia 76ers,10,72,0.122,2016,PHI
Golden State Warriors,73,9,0.89,2016,GSW
San Antonio Spurs,67,15,0.817,2016,SAS
Oklahoma City Thunder,55,27,0.671,2016,OKC
Los Angeles Clippers,53,29,0.646,2016,LAC
Portland Trail Blazers,44,38,0.537,2016,POR
Dallas Mavericks,42,40,0.512,2016,DAL
Memphis Grizzlies,42,40,0.512,2016,MEM
Houston Rockets,41,41,0.5,2016,HOU
Utah Jazz,40,42,0.488,2016,UTA
Sacramento Kings,33,49,0.402,2016,SAC
Denver Nuggets,33,49,0.402,2016,DEN
New Orleans Pelicans,30,52,0.366,2016,NOP
Minnesota Timberwolves,29,53,0.354,2016,MIN
Phoenix Suns,23,59,0.28,2016,PHX
Los Angeles Lakers,17,65,0.207,2016,LAL
Toronto Raptors,56,26,0.683,2016,TOR
Boston Celtics,48,34,0.585,2016,BOS
New York Knicks,32,50,0.39,2016,NYK
Brooklyn Nets,21,61,0.256,2016,BKN
Philadelphia 76ers,10,72,0.122,2016,PHI
Cleveland Cavaliers,57,25,0.695,2016,CLE
Indiana Pacers,45,37,0.549,2016,IND
Detroit Pistons,44,38,0.537,2016,DET
Chicago Bulls,42,40,0.512,2016,CHI
Milwaukee Bucks,33,49,0.402,2016,MIL
Miami Heat,48,34,0.585,2016,MIA
Atlanta Hawks,48,34,0.585,2016,ATL
Charlotte Hornets,48,34,0.585,2016,CHA
Washington Wizards,41,41,0.5,2016,WAS
Orlando Magic,35,47,0.427,2016,ORL
Oklahoma City Thunder,55,27,0.671,2016,OKC
Portland Trail Blazers,44,38,0.537,2016,POR
Utah Jazz,40,42,0.488,2016,UTA
Denver Nuggets,33,49,0.402,2016,DEN
Minnesota Timberwolves,29,53,0.354,2016,MIN
Golden State Warriors,73,9,0.89,2016,GSW
Los Angeles Clippers,53,29,0.646,2016,LAC
Sacramento Kings,33,49,0.402,2016,SAC
Phoenix Suns,23,59,0.28,2016,PHX
Los Angeles Lakers,17,65,0.207,2016,LAL
San Antonio Spurs,67,15,0.817,2016,SAS
Dallas Mavericks,42,40,0.512,2016,DAL
Memphis Grizzlies,42,40,0.512,2016,MEM
Houston Rockets,41,41,0.5,2016,HOU
New Orleans Pelicans,30,52,0.366,2016,NOP
Boston Celtics,53,29,0.646,2017,BOS
Cleveland Cavaliers,51,31,0.622,2017,CLE
Toronto Raptors,51,31,0.622,2017,TOR
Washington Wizards,49,33,0.598,2017,WAS
Atlanta Hawks,43,39,0.524,2017,ATL
Milwaukee Bucks,42,40,0.512,2017,MIL
Indiana Pacers,42,40,0.512,2017,IND
Chicago Bulls,41,41,0.5,2017,CHI
Miami Heat,41,41,0.5,2017,MIA
Detroit Pistons,37,45,0.451,2017,DET
Charlotte Hornets,36,46,0.439,2017,CHA
New York Knicks,31,51,0.378,2017,NYK
Orlando Magic,29,53,0.354,2017,ORL
Philadelphia 76ers,28,54,0.341,2017,PHI
Brooklyn Nets,20,62,0.244,2017,BKN
Golden State Warriors,67,15,0.817,2017,GSW
San Antonio Spurs,61,21,0.744,2017,SAS
Houston Rockets,55,27,0.671,2017,HOU
Los Angeles Clippers,51,31,0.622,2017,LAC
Utah Jazz,51,31,0.622,2017,UTA
Oklahoma City Thunder,47,35,0.573,2017,OKC
Memphis Grizzlies,43,39,0.524,2017,MEM
Portland Trail Blazers,41,41,0.5,2017,POR
Denver Nuggets,40,42,0.488,2017,DEN
New Orleans Pelicans,34,48,0.415,2017,NOP
Dallas Mavericks,33,49,0.402,2017,DAL
Sacramento Kings,32,50,0.39,2017,SAC
Minnesota Timberwolves,31,51,0.378,2017,MIN
Los Angeles Lakers,26,56,0.317,2017,LAL
Phoenix Suns,24,58,0.293,2017,PHX
Boston Celtics,53,29,0.646,2017,BOS
Toronto Raptors,51,31,0.622,2017,TOR
New York Knicks,31,51,0.378,2017,NYK
Philadelphia 76ers,28,54,0.341,2017,PHI
Brooklyn Nets,20,62,0.244,2017,BKN
Cleveland Cavaliers,51,31,0.622,2017,CLE
Milwaukee Bucks,42,40,0.512,2017,MIL
Indiana Pacers,42,40,0.512,2017,IND
Chicago Bulls,41,41,0.5,2017,CHI
Detroit Pistons,37,45,0.451,2017,DET
Washington Wizards,49,33,0.598,2017,WAS
Atlanta Hawks,43,39,0.524,2017,ATL
Miami Heat,41,41,0.5,2017,MIA
Charlotte Hornets,36,46,0.439,2017,CHA
Orlando Magic,29,53,0.354,2017,ORL
Utah Jazz,51,31,0.622,2017,UTA
Oklahoma City Thunder,47,35,0.573,2017,OKC
Portland Trail Blazers,41,41,0.5,2017,POR
Denver Nuggets,40,42,0.488,2017,DEN
Minnesota Timberwolves,31,51,0.378,2017,MIN
Golden State Warriors,67,15,0.817,2017,GSW
Los Angeles Clippers,51,31,0.622,2017,LAC
Sacramento Kings,32,50,0.39,2017,SAC
Los Angeles Lakers,26,56,0.317,2017,LAL
Phoenix Suns,24,58,0.293,2017,PHX
San Antonio Spurs,61,21,0.744,2017,SAS
Houston Rockets,55,27,0.671,2017,HOU
Memphis Grizzlies,43,39,0.524,2017,MEM
New Orleans Pelicans,34,48,0.415,2017,NOP
Dallas Mavericks,33,49,0.402,2017,DAL
Toronto Raptors,59,23,0.72,2018,TOR
Boston Celtics,55,27,0.671,2018,BOS
Philadelphia 76ers,52,30,0.634,2018,PHI
Cleveland Cavaliers,50,32,0.61,2018,CLE
Indiana Pacers,48,34,0.585,2018,IND
Miami Heat,44,38,0.537,2018,MIA
Milwaukee Bucks,44,38,0.537,2018,MIL
Washington Wizards,43,39,0.524,2018,WAS
Detroit Pistons,39,43,0.476,2018,DET
Charlotte Hornets,36,46,0.439,2018,CHA
New York Knicks,29,53,0.354,2018,NYK
Brooklyn Nets,28,54,0.341,2018,BKN
Chicago Bulls,27,55,0.329,2018,CHI
Orlando Magic,25,57,0.305,2018,ORL
Atlanta Hawks,24,58,0.293,2018,ATL
Houston Rockets,65,17,0.793,2018,HOU
Golden State Warriors,58,24,0.707,2018,GSW
Portland Trail Blazers,49,33,0.598,2018,POR
Oklahoma City Thunder,48,34,0.585,2018,OKC
Utah Jazz,48,34,0.585,2018,UTA
New Orleans Pelicans,48,34,0.585,2018,NOP
San Antonio Spurs,47,35,0.573,2018,SAS
Minnesota Timberwolves,47,35,0.573,2018,MIN
Denver Nuggets,46,36,0.561,2018,DEN
Los Angeles Clippers,42,40,0.512,2018,LAC
Los Angeles Lakers,35,47,0.427,2018,LAL
Sacramento Kings,27,55,0.329,2018,SAC
Dallas Mavericks,24,58,0.293,2018,DAL
Memphis Grizzlies,22,60,0.268,2018,MEM
Phoenix Suns,21,61,0.256,2018,PHX
Toronto Raptors,59,23,0.72,2018,TOR
Boston Celtics,55,27,0.671,2018,BOS
Philadelphia 76ers,52,30,0.634,2018,PHI
New York Knicks,29,53,0.354,2018,NYK
Brooklyn Nets,28,54,0.341,2018,BKN
Cleveland Cavaliers,50,32,0.61,2018,CLE
Indiana Pacers,48,34,0.585,2018,IND
Milwaukee Bucks,44,38,0.537,2018,MIL
Detroit Pistons,39,43,0.476,2018,DET
Chicago Bulls,27,55,0.329,2018,CHI
Miami Heat,44,38,0.537,2018,MIA
Washington Wizards,43,39,0.524,2018,WAS
Charlotte Hornets,36,46,0.439,2018,CHA
Orlando Magic,25,57,0.305,2018,ORL
Atlanta Hawks,24,58,0.293,2018,ATL
Portland Trail Blazers,49,33,0.598,2018,POR
Oklahoma City Thunder,48,34,0.585,2018,OKC
Utah Jazz,48,34,0.585,2018,UTA
Minnesota Timberwolves,47,35,0.573,2018,MIN
Denver Nuggets,46,36,0.561,2018,DEN
Golden State Warriors,58,24,0.707,2018,GSW
Los Angeles Clippers,42,40,0.512,2018,LAC
Los Angeles Lakers,35,47,0.427,2018,LAL
Sacramento Kings,27,55,0.329,2018,SAC
Phoenix Suns,21,61,0.256,2018,PHX
Houston Rockets,65,17,0.793,2018,HOU
New Orleans Pelicans,48,34,0.585,2018,NOP
San Antonio Spurs,47,35,0.573,2018,SAS
Dallas Mavericks,24,58,0.293,2018,DAL
Memphis Grizzlies,22,60,0.268,2018,MEM
Milwaukee Bucks,60,22,0.732,2019,MIL
Toronto Raptors,58,24,0.707,2019,TOR
Philadelphia 76ers,51,31,0.622,2019,PHI
Boston Celtics,49,33,0.598,2019,BOS
Indiana Pacers,48,34,0.585,2019,IND
Brooklyn Nets,42,40,0.512,2019,BKN
Orlando Magic,42,40,0.512,2019,ORL
Detroit Pistons,41,41,0.5,2019,DET
Charlotte Hornets,39,43,0.476,2019,CHA
Miami Heat,39,43,0.476,2019,MIA
Washington Wizards,32,50,0.39,2019,WAS
Atlanta Hawks,29,53,0.354,2019,ATL
Chicago Bulls,22,60,0.268,2019,CHI
Cleveland Cavaliers,19,63,0.232,2019,CLE
New York Knicks,17,65,0.207,2019,NYK
Golden State Warriors,57,25,0.695,2019,GSW
Denver Nuggets,54,28,0.659,2019,DEN
Portland Trail Blazers,53,29,0.646,2019,POR
Houston Rockets,53,29,0.646,2019,HOU
Utah Jazz,50,32,0.61,2019,UTA
Oklahoma City Thunder,49,33,0.598,2019,OKC
San Antonio Spurs,48,34,0.585,2019,SAS
Los Angeles Clippers,48,34,0.585,2019,LAC
Sacramento Kings,39,43,0.476,2019,SAC
Los Angeles Lakers,37,45,0.451,2019,LAL
Minnesota Timberwolves,36,46,0.439,2019,MIN
Memphis Grizzlies,33,49,0.402,2019,MEM
New Orleans Pelicans,33,49,0.402,2019,NOP
Dallas Mavericks,33,49,0.402,2019,DAL
Phoenix Suns,19,63,0.232,2019,PHX
Toronto Raptors,58,24,0.707,2019,TOR
Philadelphia 76ers,51,31,0.622,2019,PHI
Boston Celtics,49,33,0.598,2019,BOS
Brooklyn Nets,42,40,0.512,2019,BKN
New York Knicks,17,65,0.207,2019,NYK
Milwaukee Bucks,60,22,0.732,2019,MIL
Indiana Pacers,48,34,0.585,2019,IND
Detroit Pistons,41,41,0.5,2019,DET
Chicago Bulls,22,60,0.268,2019,CHI
Cleveland Cavaliers,19,63,0.232,2019,CLE
Orlando Magic,42,40,0.512,2019,ORL
Charlotte Hornets,39,43,0.476,2019,CHA
Miami Heat,39,43,0.476,2019,MIA
Washington Wizards,32,50,0.39,2019,WAS
Atlanta Hawks,29,53,0.354,2019,ATL
Denver Nuggets,54,28,0.659,2019,DEN
Portland Trail Blazers,53,29,0.646,2019,POR
Utah Jazz,50,32,0.61,2019,UTA
Oklahoma City Thunder,49,33,0.598,2019,OKC
Minnesota Timberwolves,36,46,0.439,2019,MIN
Golden State Warriors,57,25,0.695,2019,GSW
Los Angeles Clippers,48,34,0.585,2019,LAC
Sacramento Kings,39,43,0.476,2019,SAC
Los Angeles Lakers,37,45,0.451,2019,LAL
Phoenix Suns,19,63,0.232,2019,PHX
Houston Rockets,53,29,0.646,2019,HOU
San Antonio Spurs,48,34,0.585,2019,SAS
Memphis Grizzlies,33,49,0.402,2019,MEM
New Orleans Pelicans,33,49,0.402,2019,NOP
Dallas Mavericks,33,49,0.402,2019,DAL
Milwaukee Bucks,56,17,0.767,2020,MIL
Toronto Raptors,53,19,0.736,2020,TOR
Boston Celtics,48,24,0.667,2020,BOS
Indiana Pacers,45,28,0.616,2020,IND
Miami Heat,44,29,0.603,2020,MIA
Philadelphia 76ers,43,30,0.589,2020,PHI
Brooklyn Nets,35,37,0.486,2020,BKN
Orlando Magic,33,40,0.452,2020,ORL
Charlotte Hornets,23,42,0.354,2020,CHA
Washington Wizards,25,47,0.347,2020,WAS
Chicago Bulls,22,43,0.338,2020,CHI
New York Knicks,21,45,0.318,2020,NYK
Detroit Pistons,20,46,0.303,2020,DET
Atlanta Hawks,20,47,0.299,2020,ATL
Cleveland Cavaliers,19,46,0.292,2020,CLE
Los Angeles Lakers,52,19,0.732,2020,LAL
Los Angeles Clippers,49,23,0.681,2020,LAC
Denver Nuggets,46,27,0.63,2020,DEN
Houston Rockets,44,28,0.611,2020,HOU
Oklahoma City Thunder,44,28,0.611,2020,OKC
Utah Jazz,44,28,0.611,2020,UTA
Dallas Mavericks,43,32,0.573,2020,DAL
Portland Trail Blazers,35,39,0.473,2020,POR
Memphis Grizzlies,34,39,0.466,2020,MEM
Phoenix Suns,34,39,0.466,2020,PHX
San Antonio Spurs,32,39,0.451,2020,SAS
Sacramento Kings,31,41,0.431,2020,SAC
New Orleans Pelicans,30,42,0.417,2020,NOP
Minnesota Timberwolves,19,45,0.297,2020,MIN
Golden State Warriors,15,50,0.231,2020,GSW
Toronto Raptors,53,19,0.736,2020,TOR
Boston Celtics,48,24,0.667,2020,BOS
Philadelphia 76ers,43,30,0.589,2020,PHI
Brooklyn Nets,35,37,0.486,2020,BKN
New York Knicks,21,45,0.318,2020,NYK
Milwaukee Bucks,56,17,0.767,2020,MIL
Indiana Pacers,45,28,0.616,2020,IND
Chicago Bulls,22,43,0.338,2020,CHI
Detroit Pistons,20,46,0.303,2020,DET
Cleveland Cavaliers,19,46,0.292,2020,CLE
Miami Heat,44,29,0.603,2020,MIA
Orlando Magic,33,40,0.452,2020,ORL
Charlotte Hornets,23,42,0.354,2020,CHA
Washington Wizards,25,47,0.347,2020,WAS
Atlanta Hawks,20,47,0.299,2020,ATL
Denver Nuggets,46,27,0.63,2020,DEN
Oklahoma City Thunder,44,28,0.611,2020,OKC
Utah Jazz,44,28,0.611,2020,UTA
Portland Trail Blazers,35,39,0.473,2020,POR
Minnesota Timberwolves,19,45,0.297,2020,MIN
Los Angeles Lakers,52,19,0.732,2020,LAL
Los Angeles Clippers,49,23,0.681,2020,LAC
Phoenix Suns,34,39,0.466,2020,PHX
Sacramento Kings,31,41,0.431,2020,SAC
Golden State Warriors,15,50,0.231,2020,GSW
Houston Rockets,44,28,0.611,2020,HOU
Dallas Mavericks,43,32,0.573,2020,DAL
Memphis Grizzlies,34,39,0.466,2020,MEM
San Antonio Spurs,32,39,0.451,2020,SAS
New Orleans Pelicans,30,42,0.417,2020,NOP
Philadelphia 76ers,49,23,0.681,2021,PHI
Brooklyn Nets,48,24,0.667,2021,BKN
Milwaukee Bucks,46,26,0.639,2021,MIL
New York Knicks,41,31,0.569,2021,NYK
Atlanta Hawks,41,31,0.569,2021,ATL
Miami Heat,40,32,0.556,2021,MIA
Boston Celtics,36,36,0.5,2021,BOS
Washington Wizards,34,38,0.472,2021,WAS
Indiana Pacers,34,38,0.472,2021,IND
Charlotte Hornets,33,39,0.458,2021,CHA
Chicago Bulls,31,41,0.431,2021,CHI
Toronto Raptors,27,45,0.375,2021,TOR
Cleveland Cavaliers,22,50,0.306,2021,CLE
Orlando Magic,21,51,0.292,2021,ORL
Detroit Pistons,20,52,0.278,2021,DET
Utah Jazz,52,20,0.722,2021,UTA
Phoenix Suns,51,21,0.708,2021,PHX
Denver Nuggets,47,25,0.653,2021,DEN
Los Angeles Clippers,47,25,0.653,2021,LAC
Dallas Mavericks,42,30,0.583,2021,DAL
Portland Trail Blazers,42,30,0.583,2021,POR
Los Angeles Lakers,42,30,0.583,2021,LAL
Golden State Warriors,39,33,0.542,2021,GSW
Memphis Grizzlies,38,34,0.528,2021,MEM
San Antonio Spurs,33,39,0.458,2021,SAS
New Orleans Pelicans,31,41,0.431,2021,NOP
Sacramento Kings,31,41,0.431,2021,SAC
Minnesota Timberwolves,23,49,0.319,2021,MIN
Oklahoma City Thunder,22,50,0.306,2021,OKC
Houston Rockets,17,55,0.236,2021,HOU
Philadelphia 76ers,49,23,0.681,2021,PHI
Brooklyn Nets,48,24,0.667,2021,BKN
New York Knicks,41,31,0.569,2021,NYK
Boston Celtics,36,36,0.5,2021,BOS
Toronto Raptors,27,45,0.375,2021,TOR
Milwaukee Bucks,46,26,0.639,2021,MIL
Indiana Pacers,34,38,0.472,2021,IND
Chicago Bulls,31,41,0.431,2021,CHI
Cleveland Cavaliers,22,50,0.306,2021,CLE
Detroit Pistons,20,52,0.278,2021,DET
Atlanta Hawks,41,31,0.569,2021,ATL
Miami Heat,40,32,0.556,2021,MIA
Washington Wizards,34,38,0.472,2021,WAS
Charlotte Hornets,33,39,0.458,2021,CHA
Orlando Magic,21,51,0.292,2021,ORL
Utah Jazz,52,20,0.722,2021,UTA
Denver Nuggets,47,25,0.653,2021,DEN
Portland Trail Blazers,42,30,0.583,2021,POR
Minnesota Timberwolves,23,49,0.319,2021,MIN
Oklahoma City Thunder,22,50,0.306,2021,OKC
Phoenix Suns,51,21,0.708,2021,PHX
Los Angeles Clippers,47,25,0.653,2021,LAC
Los Angeles Lakers,42,30,0.583,2021,LAL
Golden State Warriors,39,33,0.542,2021,GSW
Sacramento Kings,31,41,0.431,2021,SAC
Dallas Mavericks,42,30,0.583,2021,DAL
Memphis Grizzlies,38,34,0.528,2021,MEM
San Antonio Spurs,33,39,0.458,2021,SAS
New Orleans Pelicans,31,41,0.431,2021,NOP
Houston Rockets,17,55,0.236,2021,HOU
Miami Heat,53,29,0.646,2022,MIA
Boston Celtics,51,31,0.622,2022,BOS
Milwaukee Bucks,51,31,0.622,2022,MIL
Philadelphia 76ers,51,31,0.622,2022,PHI
Toronto Raptors,48,34,0.585,2022,TOR
Chicago Bulls,46,36,0.561,2022,CHI
Brooklyn Nets,44,38,0.537,2022,BKN
Cleveland Cavaliers,44,38,0.537,2022,CLE
Atlanta Hawks,43,39,0.524,2022,ATL
Charlotte Hornets,43,39,0.524,2022,CHA
New York Knicks,37,45,0.451,2022,NYK
Washington Wizards,35,47,0.427,2022,WAS
Indiana Pacers,25,57,0.305,2022,IND
Detroit Pistons,23,59,0.28,2022,DET
Orlando Magic,22,60,0.268,2022,ORL
Phoenix Suns,64,18,0.78,2022,PHX
Memphis Grizzlies,56,26,0.683,2022,MEM
Golden State Warriors,53,29,0.646,2022,GSW
Dallas Mavericks,52,30,0.634,2022,DAL
Utah Jazz,49,33,0.598,2022,UTA
Denver Nuggets,48,34,0.585,2022,DEN
Minnesota Timberwolves,46,36,0.561,2022,MIN
Los Angeles Clippers,42,40,0.512,2022,LAC
New Orleans Pelicans,36,46,0.439,2022,NOP
San Antonio Spurs,34,48,0.415,2022,SAS
Los Angeles Lakers,33,49,0.402,2022,LAL
Sacramento Kings,30,52,0.366,2022,SAC
Portland Trail Blazers,27,55,0.329,2022,POR
Oklahoma City Thunder,24,58,0.293,2022,OKC
Houston Rockets,20,62,0.244,2022,HOU
Boston Celtics,51,31,0.622,2022,BOS
Philadelphia 76ers,51,31,0.622,2022,PHI
Toronto Raptors,48,34,0.585,2022,TOR
Brooklyn Nets,44,38,0.537,2022,BKN
New York Knicks,37,45,0.451,2022,NYK
Milwaukee Bucks,51,31,0.622,2022,MIL
Chicago Bulls,46,36,0.561,2022,CHI
Cleveland Cavaliers,44,38,0.537,2022,CLE
Indiana Pacers,25,57,0.305,2022,IND
Detroit Pistons,23,59,0.28,2022,DET
Miami Heat,53,29,0.646,2022,MIA
Atlanta Hawks,43,39,0.524,2022,ATL
Charlotte Hornets,43,39,0.524,2022,CHA
Washington Wizards,35,47,0.427,2022,WAS
Orlando Magic,22,60,0.268,2022,ORL
Utah Jazz,49,33,0.598,2022,UTA
Denver Nuggets,48,34,0.585,2022,DEN
Minnesota Timberwolves,46,36,0.561,2022,MIN
Portland Trail Blazers,27,55,0.329,2022,POR
Oklahoma City Thunder,24,58,0.293,2022,OKC
Phoenix Suns,64,18,0.78,2022,PHX
Golden State Warriors,53,29,0.646,2022,GSW
Los Angeles Clippers,42,40,0.512,2022,LAC
Los Angeles Lakers,33,49,0.402,2022,LAL
Sacramento Kings,30,52,0.366,2022,SAC
Memphis Grizzlies,56,26,0.683,2022,MEM
Dallas Mavericks,52,30,0.634,2022,DAL
New Orleans Pelicans,36,46,0.439,2022,NOP
San Antonio Spurs,34,48,0.415,2022,SAS
Houston Rockets,20,62,0.244,2022,HOU
Milwaukee Bucks,58,24,0.707,2023,MIL
Boston Celtics,57,25,0.695,2023,BOS
Philadelphia 76ers,54,28,0.659,2023,PHI
Cleveland Cavaliers,51,31,0.622,2023,CLE
New York Knicks,47,35,0.573,2023,NYK
Brooklyn Nets,45,37,0.549,2023,BKN
Miami Heat,44,38,0.537,2023,MIA
Atlanta Hawks,41,41,0.5,2023,ATL
Toronto Raptors,41,41,0.5,2023,TOR
Chicago Bulls,40,42,0.488,2023,CHI
Indiana Pacers,35,47,0.427,2023,IND
Washington Wizards,35,47,0.427,2023,WAS
Orlando Magic,34,48,0.415,2023,ORL
Charlotte Hornets,27,55,0.329,2023,CHA
Detroit Pistons,17,65,0.207,2023,DET
Denver Nuggets,53,29,0.646,2023,DEN
Memphis Grizzlies,51,31,0.622,2023,MEM
Sacramento Kings,48,34,0.585,2023,SAC
Phoenix Suns,45,37,0.549,2023,PHX
Los Angeles Clippers,44,38,0.537,2023,LAC
Golden State Warriors,44,38,0.537,2023,GSW
Los Angeles Lakers,43,39,0.524,2023,LAL
Minnesota Timberwolves,42,40,0.512,2023,MIN
New Orleans Pelicans,42,40,0.512,2023,NOP
Oklahoma City Thunder,40,42,0.488,2023,OKC
Dallas Mavericks,38,44,0.463,2023,DAL
Utah Jazz,37,45,0.451,2023,UTA
Portland Trail Blazers,33,49,0.402,2023,POR
Houston Rockets,22,60,0.268,2023,HOU
San Antonio Spurs,22,60,0.268,2023,SAS
Boston Celtics,57,25,0.695,2023,BOS
Philadelphia 76ers,54,28,0.659,2023,PHI
New York Knicks,47,35,0.573,2023,NYK
Brooklyn Nets,45,37,0.549,2023,BKN
Toronto Raptors,41,41,0.5,2023,TOR
Milwaukee Bucks,58,24,0.707,2023,MIL
Cleveland Cavaliers,51,31,0.622,2023,CLE
Chicago Bulls,40,42,0.488,2023,CHI
Indiana Pacers,35,47,0.427,2023,IND
Detroit Pistons,17,65,0.207,2023,DET
Miami Heat,44,38,0.537,2023,MIA
Atlanta Hawks,41,41,0.5,2023,ATL
Washington Wizards,35,47,0.427,2023,WAS
Orlando Magic,34,48,0.415,2023,ORL
Charlotte Hornets,27,55,0.329,2023,CHA
Denver Nuggets,53,29,0.646,2023,DEN
Minnesota Timberwolves,42,40,0.512,2023,MIN
Oklahoma City Thunder,40,42,0.488,2023,OKC
Utah Jazz,37,45,0.451,2023,UTA
Portland Trail Blazers,33,49,0.402,2023,POR
Sacramento Kings,48,34,0.585,2023,SAC
Phoenix Suns,45,37,0.549,2023,PHX
Los Angeles Clippers,44,38,0.537,2023,LAC
Golden State Warriors,44,38,0.537,2023,GSW
Los Angeles Lakers,43,39,0.524,2023,LAL
Memphis Grizzlies,51,31,0.622,2023,MEM
New Orleans Pelicans,42,40,0.512,2023,NOP
Dallas Mavericks,38,44,0.463,2023,DAL
Houston Rockets,22,60,0.268,2023,HOU
San Antonio Spurs,22,60,0.268,2023,SAS
Boston Celtics,64,18,0.78,2024,BOS
New York Knicks,50,32,0.61,2024,NYK
Milwaukee Bucks,49,33,0.598,2024,MIL
Cleveland Cavaliers,48,34,0.585,2024,CLE
Orlando Magic,47,35,0.573,2024,ORL
Indiana Pacers,47,35,0.573,2024,IND
Philadelphia 76ers,47,35,0.573,2024,PHI
Miami Heat,46,36,0.561,2024,MIA
Chicago Bulls,39,43,0.476,2024,CHI
Atlanta Hawks,36,46,0.439,2024,ATL
Brooklyn Nets,32,50,0.39,2024,BKN
Toronto Raptors,25,57,0.305,2024,TOR
Charlotte Hornets,21,61,0.256,2024,CHA
Washington Wizards,15,67,0.183,2024,WAS
Detroit Pistons,14,68,0.171,2024,DET
Oklahoma City Thunder,57,25,0.695,2024,OKC
Denver Nuggets,57,25,0.695,2024,DEN
Minnesota Timberwolves,56,26,0.683,2024,MIN
Los Angeles Clippers,51,31,0.622,2024,LAC
Dallas Mavericks,50,32,0.61,2024,DAL
Phoenix Suns,49,33,0.598,2024,PHX
New Orleans Pelicans,49,33,0.598,2024,NOP
Los Angeles Lakers,47,35,0.573,2024,LAL
Sacramento Kings,46,36,0.561,2024,SAC
Golden State Warriors,46,36,0.561,2024,GSW
Houston Rockets,41,41,0.5,2024,HOU
Utah Jazz,31,51,0.378,2024,UTA
Memphis Grizzlies,27,55,0.329,2024,MEM
San Antonio Spurs,22,60,0.268,2024,SAS
Portland Trail Blazers,21,61,0.256,2024,POR
Boston Celtics,64,18,0.78,2024,BOS
New York Knicks,50,32,0.61,2024,NYK
Philadelphia 76ers,47,35,0.573,2024,PHI
Brooklyn Nets,32,50,0.39,2024,BKN
Toronto Raptors,25,57,0.305,2024,TOR
Milwaukee Bucks,49,33,0.598,2024,MIL
Cleveland Cavaliers,48,34,0.585,2024,CLE
Indiana Pacers,47,35,0.573,2024,IND
Chicago Bulls,39,43,0.476,2024,CHI
Detroit Pistons,14,68,0.171,2024,DET
Orlando Magic,47,35,0.573,2024,ORL
Miami Heat,46,36,0.561,2024,MIA
Atlanta Hawks,36,46,0.439,2024,ATL
Charlotte Hornets,21,61,0.256,2024,CHA
Washington Wizards,15,67,0.183,2024,WAS
Oklahoma City Thunder,57,25,0.695,2024,OKC
Denver Nuggets,57,25,0.695,2024,DEN
Minnesota Timberwolves,56,26,0.683,2024,MIN
Utah Jazz,31,51,0.378,2024,UTA
Portland Trail Blazers,21,61,0.256,2024,POR
Los Angeles Clippers,51,31,0.622,2024,LAC
Phoenix Suns,49,33,0.598,2024,PHX
Los Angeles Lakers,47,35,0.573,2024,LAL
Sacramento Kings,46,36,0.561,2024,SAC
Golden State Warriors,46,36,0.561,2024,GSW
Dallas Mavericks,50,32,0.61,2024,DAL
New Orleans Pelicans,49,33,0.598,2024,NOP
Houston Rockets,41,41,0.5,2024,HOU
Memphis Grizzlies,27,55,0.329,2024,MEM
San Antonio Spurs,22,60,0.268,2024,SAS
Cleveland Cavaliers,64,18,0.78,2025,CLE
Boston Celtics,61,21,0.744,2025,BOS
New York Knicks,51,31,0.622,2025,NYK
Indiana Pacers,50,32,0.61,2025,IND
Milwaukee Bucks,48,34,0.585,2025,MIL
Detroit Pistons,44,38,0.537,2025,DET
Orlando Magic,41,41,0.5,2025,ORL
Atlanta Hawks,40,42,0.488,2025,ATL
Chicago Bulls,39,43,0.476,2025,CHI
Miami Heat,37,45,0.451,2025,MIA
Toronto Raptors,30,52,0.366,2025,TOR
Brooklyn Nets,26,56,0.317,2025,BKN
Philadelphia 76ers,24,58,0.293,2025,PHI
Charlotte Hornets,19,63,0.232,2025,CHA
Washington Wizards,18,64,0.22,2025,WAS
Oklahoma City Thunder,68,14,0.829,2025,OKC
Houston Rockets,52,30,0.634,2025,HOU
Los Angeles Lakers,50,32,0.61,2025,LAL
Denver Nuggets,50,32,0.61,2025,DEN
Los Angeles Clippers,50,32,0.61,2025,LAC
Minnesota Timberwolves,49,33,0.598,2025,MIN
Golden State Warriors,48,34,0.585,2025,GSW
Memphis Grizzlies,48,34,0.585,2025,MEM
Sacramento Kings,40,42,0.488,2025,SAC
Dallas Mavericks,39,43,0.476,2025,DAL
Phoenix Suns,36,46,0.439,2025,PHX
Portland Trail Blazers,36,46,0.439,2025,POR
San Antonio Spurs,34,48,0.415,2025,SAS
New Orleans Pelicans,21,61,0.256,2025,NOP
Utah Jazz,17,65,0.207,2025,UTA
Boston Celtics,61,21,0.744,2025,BOS
New York Knicks,51,31,0.622,2025,NYK
Toronto Raptors,30,52,0.366,2025,TOR
Brooklyn Nets,26,56,0.317,2025,BKN
Philadelphia 76ers,24,58,0.293,2025,PHI
Cleveland Cavaliers,64,18,0.78,2025,CLE
Indiana Pacers,50,32,0.61,2025,IND
Milwaukee Bucks,48,34,0.585,2025,MIL
Detroit Pistons,44,38,0.537,2025,DET
Chicago Bulls,39,43,0.476,2025,CHI
Orlando Magic,41,41,0.5,2025,ORL
Atlanta Hawks,40,42,0.488,2025,ATL
Miami Heat,37,45,0.451,2025,MIA
Charlotte Hornets,19,63,0.232,2025,CHA
Washington Wizards,18,64,0.22,2025,WAS
Oklahoma City Thunder,68,14,0.829,2025,OKC
Denver Nuggets,50,32,0.61,2025,DEN
Minnesota Timberwolves,49,33,0.598,2025,MIN
Portland Trail Blazers,36,46,0.439,2025,POR
Utah Jazz,17,65,0.207,2025,UTA
Los Angeles Lakers,50,32,0.61,2025,LAL
Los Angeles Clippers,50,32,0.61,2025,LAC
Golden State Warriors,48,34,0.585,2025,GSW
Sacramento Kings,40,42,0.488,2025,SAC
Phoenix Suns,36,46,0.439,2025,PHX
Houston Rockets,52,30,0.634,2025,HOU
Memphis Grizzlies,48,34,0.585,2025,MEM
Dallas Mavericks,39,43,0.476,2025,DAL
San Antonio Spurs,34,48,0.415,2025,SAS
New Orleans Pelicans,21,61,0.256,2025,NOP
Detroit Pistons,45,17,0.726,2026,DET
Boston Celtics,42,21,0.667,2026,BOS
New York Knicks,41,23,0.641,2026,NYK
Cleveland Cavaliers,39,24,0.619,2026,CLE
Toronto Raptors,35,27,0.565,2026,TOR
Orlando Magic,34,28,0.548,2026,ORL
Miami Heat,35,29,0.547,2026,MIA
Philadelphia 76ers,34,29,0.54,2026,PHI
Atlanta Hawks,33,31,0.516,2026,ATL
Charlotte Hornets,32,32,0.5,2026,CHA
Milwaukee Bucks,27,35,0.435,2026,MIL
Chicago Bulls,26,37,0.413,2026,CHI
Washington Wizards,16,46,0.258,2026,WAS
Brooklyn Nets,16,47,0.254,2026,BKN
Indiana Pacers,15,48,0.238,2026,IND
Oklahoma City Thunder,50,15,0.769,2026,OKC
San Antonio Spurs,46,17,0.73,2026,SAS
Houston Rockets,39,23,0.629,2026,HOU
Minnesota Timberwolves,40,24,0.625,2026,MIN
Denver Nuggets,39,25,0.609,2026,DEN
Los Angeles Lakers,38,25,0.603,2026,LAL
Phoenix Suns,36,27,0.571,2026,PHX
Golden State Warriors,32,31,0.508,2026,GSW
Los Angeles Clippers,31,32,0.492,2026,LAC
Portland Trail Blazers,30,34,0.469,2026,POR
Memphis Grizzlies,23,39,0.371,2026,MEM
Dallas Mavericks,21,42,0.333,2026,DAL
New Orleans Pelicans,20,45,0.308,2026,NOP
Utah Jazz,19,45,0.297,2026,UTA
Sacramento Kings,14,50,0.219,2026,SAC
Boston Celtics,42,21,0.667,2026,BOS
New York Knicks,41,23,0.641,2026,NYK
Toronto Raptors,35,27,0.565,2026,TOR
Philadelphia 76ers,34,29,0.54,2026,PHI
Brooklyn Nets,16,47,0.254,2026,BKN
Detroit Pistons,45,17,0.726,2026,DET
Cleveland Cavaliers,39,24,0.619,2026,CLE
Milwaukee Bucks,27,35,0.435,2026,MIL
Chicago Bulls,26,37,0.413,2026,CHI
Indiana Pacers,15,48,0.238,2026,IND
Orlando Magic,34,28,0.548,2026,ORL
Miami Heat,35,29,0.547,2026,MIA
Atlanta Hawks,33,31,0.516,2026,ATL
Charlotte Hornets,32,32,0.5,2026,CHA
Washington Wizards,16,46,0.258,2026,WAS
Oklahoma City Thunder,50,15,0.769,2026,OKC
Minnesota Timberwolves,40,24,0.625,2026,MIN
Denver Nuggets,39,25,0.609,2026,DEN
Portland Trail Blazers,30,34,0.469,2026,POR
Utah Jazz,19,45,0.297,2026,UTA
Los Angeles Lakers,38,25,0.603,2026,LAL
Phoenix Suns,36,27,0.571,2026,PHX
Golden State Warriors,32,31,0.508,2026,GSW
Los Angeles Clippers,31,32,0.492,2026,LAC
Sacramento Kings,14,50,0.219,2026,SAC
San Antonio Spurs,46,17,0.73,2026,SAS
Houston Rockets,39,23,0.629,2026,HOU
Memphis Grizzlies,23,39,0.371,2026,MEM
Dallas Mavericks,21,42,0.333,2026,DAL
New Orleans Pelicans,20,45,0.308,2026,NOP